client_id,full_name,email,country,city,prosthesis_id,activation_date
1,Sabine Сидоров,sabine.сидоров644@yahoo.com,US,Houston,877,2025-10-09
147,Tom Schafer,tom.schafer268@gmail.com,DE,Frankfurt,139,2026-03-29
210,Михаил Lopez,михаил.lopez358@hotmail.es,ES,Madrid,290,2025-09-30
333,Hans Meyer,hans.meyer936@gmx.de,DE,Hamburg,942,2025-08-31
505,John Чижиков,john.чижиков127@orange.fr,FR,Lyon,945,2025-10-21
797,Wolfgang Brown,wolfgang.brown587@gmail.com,US,New York,156,2026-02-13
847,Hans Bauer,hans.bauer447@free.fr,FR,Paris,587,2025-05-26
941,Marta Lopez,marta.lopez541@yahoo.com,US,New York,524,2025-06-25
1155,Sarah Иванов,sarah.иванов910@gmail.com,ES,Zaragoza,326,2025-11-19
1275,Ирина Davis,ирина.davis74@outlook.com,US,New York,180,2026-04-10
1653,Анна Hernandez,анна.hernandez267@gmail.com,ES,Seville,545,2025-07-04
1656,John Волков,john.волков473@hotmail.es,ES,Zaragoza,632,2025-05-24
1778,Victor Schafer,victor.schafer428@hotmail.es,ES,Seville,647,2026-01-09
1861,John Becker,john.becker371@gmail.com,RU,Ekaterinburg,567,2026-03-12
1930,Jennifer Brown,jennifer.brown423@gmail.com,FR,Toulouse,271,2025-10-30
2231,Sarah Bauer,sarah.bauer293@gmx.de,DE,Berlin,547,2025-07-17
2893,Sabine Schneider,sabine.schneider619@yandex.ru,RU,SPB,711,2025-07-07
3367,Maria Попов,maria.попов190@gmx.de,DE,Berlin,812,2025-06-07
3474,Marta Brown,marta.brown969@mail.ru,RU,Moscow,350,2026-02-09
3658,Jessica Hernandez,jessica.hernandez699@gmail.com,US,Chicago,965,2026-01-28
3775,Bob Wagner,bob.wagner252@mail.ru,RU,SPB,389,2025-09-18
3898,Wolfgang Bauer,wolfgang.bauer927@gmail.com,DE,Berlin,665,2025-11-28
4357,Amy Новиков,amy.новиков134@yahoo.es,ES,Barcelona,358,2025-09-04
4506,Lisa Кузнецов,lisa.кузнецов235@gmail.com,GB,Birmingham,574,2025-12-28
4656,Ольга Becker,ольга.becker357@yahoo.com,US,Houston,333,2025-07-04
4818,Михаил Rodriguez,михаил.rodriguez685@gmail.com,US,New York,357,2025-08-09
5044,Ирина Lopez,ирина.lopez913@web.de,DE,Berlin,694,2026-04-06
5167,Михаил Weber,михаил.weber626@yahoo.com,US,Los Angeles,819,2025-05-15
5608,Наталья Jones,наталья.jones142@gmail.com,IT,Naples,193,2026-04-03
5758,Robert Brown,robert.brown381@yahoo.es,ES,Valencia,721,2025-08-12
5789,Emily Волков,emily.волков346@yahoo.co.uk,GB,Manchester,486,2025-09-14
5856,Hans Bauer,hans.bauer634@gmx.de,DE,Cologne,337,2025-07-10
5879,Сергей Wagner,сергей.wagner760@gmail.com,ES,Barcelona,492,2025-05-29
5965,James Müller,james.müller292@gmail.com,IT,Turin,728,2026-03-01
6857,Emily Schneider,emily.schneider575@libero.it,IT,Turin,774,2025-09-05
6987,Петр Schneider,петр.schneider539@free.fr,FR,Lyon,393,2025-11-02
7070,Мария Fischer,мария.fischer691@outlook.com,US,Houston,648,2025-08-10
7076,Wolfgang Hoffmann,wolfgang.hoffmann841@gmail.com,RU,Novosibirsk,135,2026-01-29
7077,Федор Schafer,федор.schafer263@gmail.com,DE,Berlin,824,2025-09-15
7134,Michelle Martinez,michelle.martinez995@yahoo.com,US,Phoenix,261,2025-06-19
7316,Susanne Schneider,susanne.schneider498@gmail.com,RU,SPB,570,2026-02-05
7836,Robert Bauer,robert.bauer416@gmail.com,RU,Novosibirsk,822,2025-05-06
7837,Sabine Иванов,sabine.иванов64@yahoo.es,ES,Barcelona,392,2025-09-27
8260,Marta Meyer,marta.meyer764@gmx.de,DE,Hamburg,145,2026-02-22
8435,Анна Johnson,анна.johnson126@web.de,DE,Cologne,980,2026-02-12
8828,Maria Garcia,maria.garcia860@yahoo.com,US,Houston,381,2026-02-20
9220,Wolfgang Лебедев,wolfgang.лебедев604@outlook.com,GB,London,101,2025-09-06
9226,Nicole Кузнецов,nicole.кузнецов398@web.de,DE,Hamburg,302,2025-11-25
9480,Susanne Williams,susanne.williams802@yahoo.co.uk,GB,Liverpool,907,2026-02-10
9564,David Новиков,david.новиков38@gmail.com,FR,Lyon,117,2025-06-30
9676,Amy Johnson,amy.johnson253@gmail.com,US,Chicago,425,2025-09-23
9683,Федор Becker,федор.becker595@hotmail.es,ES,Zaragoza,481,2025-11-02
9862,Петр Weber,петр.weber943@outlook.com,GB,Manchester,349,2025-06-07
10003,Anna Волков,anna.волков676@gmail.com,ES,Valencia,726,2026-01-02
10053,William Schmidt,william.schmidt913@gmail.com,ES,Barcelona,527,2025-08-08
10108,Bob Jones,bob.jones574@gmail.com,US,Los Angeles,193,2026-03-09
10176,John Müller,john.müller273@gmail.com,IT,Palermo,217,2026-03-11
10234,Наталья Петров,наталья.петров412@mail.ru,RU,Moscow,845,2025-09-26
10688,Nicole Лобов,nicole.лобов171@yahoo.com,US,Houston,749,2025-08-21
10958,Maria Лобов,maria.лобов660@gmail.com,DE,Cologne,740,2025-10-05
11129,Jessica Richter,jessica.richter623@gmail.com,DE,Hamburg,931,2025-07-18
11131,Andreas Сидоров,andreas.сидоров290@web.de,DE,Cologne,243,2025-08-26
11260,Ольга Schmidt,ольга.schmidt463@hotmail.es,ES,Zaragoza,783,2025-09-21
11262,Иван Lopez,иван.lopez315@gmail.com,FR,Toulouse,999,2025-11-27
11409,Ирина Hoffmann,ирина.hoffmann223@gmail.com,IT,Turin,212,2025-12-10
11411,Michael Wagner,michael.wagner489@orange.fr,FR,Nice,357,2025-10-29
11470,Никита Miller,никита.miller345@outlook.com,US,Houston,654,2025-08-30
11596,Татьяна Bauer,татьяна.bauer712@gmail.com,ES,Madrid,821,2025-07-02
11931,Anna Волков,anna.волков715@outlook.com,US,Houston,215,2025-07-08
12057,Елена Jones,елена.jones998@yahoo.com,US,New York,690,2025-10-21
12145,Andreas Lopez,andreas.lopez918@gmail.com,US,Houston,107,2025-07-30
12152,Jessica Schafer,jessica.schafer909@gmx.de,DE,Cologne,681,2025-09-30
12381,Ольга Lopez,ольга.lopez394@web.de,DE,Berlin,282,2025-09-11
12449,Ирина Rodriguez,ирина.rodriguez864@yahoo.es,ES,Madrid,424,2025-05-10
12460,Иван Волков,иван.волков835@gmail.com,RU,Moscow,247,2025-08-17
12500,Thomas Fischer,thomas.fischer420@gmail.com,DE,Hamburg,840,2025-08-30
12629,АндрейДмитрий Miller,андрейдмитрий.miller954@gmail.com,IT,Palermo,472,2026-02-05
12941,Никита Bauer,никита.bauer418@yahoo.com,US,Houston,614,2025-11-07
13040,Александр Сидоров,александр.сидоров215@gmail.com,IT,Palermo,487,2025-05-21
13120,Sabine Wilson,sabine.wilson878@gmail.com,ES,Barcelona,496,2025-06-30
13357,Tiffany Johnson,tiffany.johnson200@web.de,DE,Cologne,794,2025-07-27
13439,Richard Weber,richard.weber504@mail.ru,RU,Moscow,678,2025-12-10
13626,Michael Johnson,michael.johnson279@orange.fr,FR,Marseille,974,2025-09-19
13760,Michelle Бранкин,michelle.бранкин168@yandex.ru,RU,Ekaterinburg,748,2025-05-21
14571,Jessica Richter,jessica.richter116@gmail.com,GB,London,419,2025-08-05
14726,Susanne Hoffmann,susanne.hoffmann444@gmail.com,RU,Novosibirsk,237,2025-07-22
14908,Wolfgang Чижиков,wolfgang.чижиков864@yandex.ru,RU,Ekaterinburg,654,2025-08-31
15035,Andrea Brown,andrea.brown86@outlook.com,GB,Glasgow,713,2026-01-17
15087,David Meyer,david.meyer647@libero.it,IT,Palermo,547,2026-01-25
15169,Наталья Волков,наталья.волков742@web.de,DE,Hamburg,110,2025-06-12
15866,АндрейДмитрий Schafer,андрейдмитрий.schafer754@yahoo.com,US,Phoenix,111,2025-05-01
15894,Виктория Jones,виктория.jones722@yahoo.co.uk,GB,Glasgow,121,2025-08-04
16005,Susanne Wagner,susanne.wagner506@gmail.com,IT,Palermo,679,2026-02-09
16140,Виктория Hernandez,виктория.hernandez162@gmail.com,GB,London,741,2026-03-27
16337,Елена Бранкин,елена.бранкин70@yahoo.com,US,Phoenix,570,2025-05-19
16667,Ольга Кузнецов,ольга.кузнецов706@yahoo.es,ES,Seville,934,2026-02-24
16685,Jennifer Smith,jennifer.smith521@yahoo.it,IT,Naples,972,2025-05-15
17029,William Weber,william.weber105@yahoo.es,ES,Valencia,760,2025-09-12
17208,Michelle Чижиков,michelle.чижиков911@gmail.com,ES,Zaragoza,646,2025-07-30
17256,Sabine Garcia,sabine.garcia379@gmail.com,GB,London,611,2025-10-29
17284,Bob Кузнецов,bob.кузнецов558@gmail.com,DE,Cologne,571,2025-10-22
17286,David Lopez,david.lopez423@gmail.com,GB,Manchester,312,2025-08-11
17527,Susanne Schulz,susanne.schulz293@yahoo.es,ES,Valencia,630,2025-06-09
18015,Сергей Hernandez,сергей.hernandez652@gmail.com,RU,Ekaterinburg,747,2025-05-12
18272,Richard Wilson,richard.wilson773@yahoo.it,IT,Palermo,575,2026-01-02
18296,Michael Johnson,michael.johnson338@gmail.com,FR,Marseille,832,2025-06-30
18457,Виктория Иванов,виктория.иванов606@mail.ru,RU,Kazan,892,2025-08-28
18572,АндрейДмитрий Попов,андрейдмитрий.попов326@gmail.com,ES,Zaragoza,876,2025-12-12
18573,Wolfgang Koch,wolfgang.koch972@gmail.com,IT,Naples,307,2026-01-23
18609,Bob Lopez,bob.lopez628@gmail.com,ES,Valencia,392,2025-10-16
18610,Wolfgang Бранкин,wolfgang.бранкин786@libero.it,IT,Palermo,911,2026-03-24
18719,Emily Richter,emily.richter407@gmail.com,RU,Novosibirsk,531,2025-09-05
18870,Wolfgang Попов,wolfgang.попов971@free.fr,FR,Nice,985,2025-11-01
19042,James Schmidt,james.schmidt13@outlook.com,US,New York,828,2025-10-06
19383,Михаил Иванов,михаил.иванов76@yahoo.es,ES,Madrid,949,2025-11-15
19436,James Davis,james.davis696@gmail.com,GB,Birmingham,205,2026-04-18
19817,David Richter,david.richter387@yahoo.es,ES,Madrid,818,2025-05-28
19834,Виктория Иванов,виктория.иванов987@gmail.com,DE,Berlin,973,2025-09-05
20027,Lisa Schulz,lisa.schulz718@gmail.com,GB,Birmingham,745,2025-06-11
20192,Tom Richter,tom.richter613@gmail.com,RU,SPB,668,2025-07-03
20241,William Meyer,william.meyer912@mail.ru,RU,Kazan,921,2026-02-22
20316,Susanne Koch,susanne.koch552@hotmail.es,ES,Seville,384,2025-12-24
20470,Наталья Rodriguez,наталья.rodriguez965@gmail.com,FR,Nice,817,2025-06-03
20486,Федор Wilson,федор.wilson610@orange.fr,FR,Toulouse,529,2026-02-26
21142,Никита Müller,никита.müller5@gmail.com,FR,Lyon,503,2025-05-27
21266,Tom Smith,tom.smith865@yahoo.com,US,Houston,218,2025-06-14
21516,Мария Wilson,мария.wilson860@libero.it,IT,Palermo,362,2025-09-12
21738,Amy Koch,amy.koch176@gmail.com,RU,SPB,121,2025-10-16
22120,Robert Weber,robert.weber216@gmail.com,RU,Moscow,846,2025-07-12
22234,Елена Müller,елена.müller719@gmail.com,FR,Marseille,668,2025-11-20
22288,Надежда Johnson,надежда.johnson75@gmail.com,RU,Moscow,132,2025-04-30
22480,АндрейДмитрий Schulz,андрейдмитрий.schulz740@outlook.com,GB,Birmingham,123,2025-09-25
22608,Thomas Williams,thomas.williams962@gmail.com,RU,Ekaterinburg,965,2026-04-14
22728,Михаил Davis,михаил.davis119@yahoo.com,US,New York,142,2025-12-13
22810,Wolfgang Koch,wolfgang.koch140@gmail.com,US,Phoenix,909,2025-10-11
22978,Tom Brown,tom.brown699@web.de,DE,Munich,823,2026-02-14
23015,John Fischer,john.fischer494@gmail.com,FR,Paris,423,2026-02-02
23207,Sarah Rodriguez,sarah.rodriguez952@yahoo.co.uk,GB,London,823,2025-06-12
23422,Susanne Weber,susanne.weber917@libero.it,IT,Palermo,513,2025-06-01
23581,Ольга Williams,ольга.williams284@yandex.ru,RU,Ekaterinburg,489,2025-11-13
23606,Michael Lopez,michael.lopez528@orange.fr,FR,Marseille,951,2026-02-27
23815,Wolfgang Richter,wolfgang.richter286@yahoo.co.uk,GB,Glasgow,566,2026-03-24
23883,Michelle Schmidt,michelle.schmidt976@orange.fr,FR,Paris,536,2026-03-29
23935,Richard Jones,richard.jones911@yahoo.it,IT,Palermo,290,2025-07-28
23991,Wolfgang Williams,wolfgang.williams681@gmx.de,DE,Hamburg,197,2025-05-23
24242,Tiffany Garcia,tiffany.garcia137@yahoo.com,US,Los Angeles,943,2025-06-29
24312,Maria Hernandez,maria.hernandez372@yahoo.es,ES,Zaragoza,673,2025-11-21
24487,Michael Сидоров,michael.сидоров652@orange.fr,FR,Nice,459,2025-10-06
24595,Victor Бранкин,victor.бранкин915@gmail.com,FR,Paris,908,2025-08-20
24856,Michael Brown,michael.brown904@hotmail.es,ES,Seville,283,2025-08-14
24863,Anna Garcia,anna.garcia205@gmail.com,US,Chicago,764,2025-08-02
24890,Sabine Müller,sabine.müller486@gmail.com,FR,Toulouse,955,2025-06-25
25134,James Weber,james.weber490@gmail.com,ES,Madrid,256,2025-10-22
25183,William Williams,william.williams385@gmail.com,GB,Birmingham,691,2026-03-06
25692,Andrea Чижиков,andrea.чижиков268@outlook.com,GB,Manchester,899,2026-02-17
25848,Andrea Bauer,andrea.bauer390@yandex.ru,RU,SPB,444,2025-10-18
25871,Михаил Brown,михаил.brown402@yahoo.es,ES,Madrid,101,2025-06-28
26018,Richard Schmidt,richard.schmidt293@outlook.com,GB,Manchester,148,2025-06-20
26401,Мария Кузнецов,мария.кузнецов765@libero.it,IT,Milan,844,2025-06-21
26545,John Lopez,john.lopez968@libero.it,IT,Naples,301,2026-02-17
26724,Sabine Новиков,sabine.новиков52@gmail.com,DE,Hamburg,213,2025-09-02
26833,Петр Garcia,петр.garcia541@yahoo.com,US,Los Angeles,390,2025-04-29
26913,Наталья Павлов,наталья.павлов252@gmail.com,GB,Glasgow,899,2026-01-11
26963,Lisa Johnson,lisa.johnson138@free.fr,FR,Toulouse,546,2026-01-28
27078,Susanne Williams,susanne.williams518@libero.it,IT,Milan,718,2025-08-09
27271,Maria Hernandez,maria.hernandez196@web.de,DE,Berlin,933,2025-05-06
27399,Виктория Wagner,виктория.wagner891@yahoo.it,IT,Milan,782,2025-08-31
27441,Иван Richter,иван.richter260@yahoo.com,US,Los Angeles,846,2025-11-10
27458,Виктория Попов,виктория.попов630@web.de,DE,Cologne,784,2026-04-23
27574,Andrea Garcia,andrea.garcia901@libero.it,IT,Palermo,715,2025-09-14
27658,Елена Бранкин,елена.бранкин473@web.de,DE,Hamburg,254,2025-09-10
27749,Bob Fischer,bob.fischer788@yahoo.com,US,Houston,291,2025-12-29
27884,Федор Koch,федор.koch400@yandex.ru,RU,SPB,707,2025-10-30
27987,Федор Meyer,федор.meyer227@gmx.de,DE,Munich,402,2026-02-24
28082,Bob Новиков,bob.новиков185@yahoo.com,US,Los Angeles,899,2025-09-17
28255,Stefan Иванов,stefan.иванов282@yandex.ru,RU,Ekaterinburg,608,2025-04-24
28462,Александр Jones,александр.jones637@yahoo.com,US,Los Angeles,862,2026-04-12
28531,Nicole Bauer,nicole.bauer290@yahoo.com,US,Chicago,942,2026-04-10
28780,Наталья Schneider,наталья.schneider810@yahoo.es,ES,Zaragoza,877,2025-08-15
28781,Robert Hoffmann,robert.hoffmann949@yahoo.es,ES,Barcelona,324,2025-09-19
28879,Михаил Rodriguez,михаил.rodriguez870@web.de,DE,Berlin,394,2025-10-03
28965,Наталья Miller,наталья.miller174@gmx.de,DE,Munich,904,2025-12-02
29602,Анна Schulz,анна.schulz221@orange.fr,FR,Lyon,644,2025-12-15
29664,Tom Кузнецов,tom.кузнецов368@gmail.com,FR,Marseille,479,2025-09-09
30415,William Лебедев,william.лебедев326@gmail.com,FR,Paris,950,2026-02-28
30651,Надежда Weber,надежда.weber485@yahoo.es,ES,Barcelona,808,2025-11-13
30696,Hans Schneider,hans.schneider73@libero.it,IT,Naples,949,2025-11-17
30701,Andrea Koch,andrea.koch597@hotmail.es,ES,Barcelona,661,2025-10-12
31161,Иван Schulz,иван.schulz675@gmail.com,GB,Birmingham,642,2026-03-20
31255,Thomas Schafer,thomas.schafer869@gmail.com,US,Houston,771,2025-06-24
31864,Александр Wagner,александр.wagner609@yahoo.es,ES,Madrid,148,2026-03-23
32076,Сергей Иванов,сергей.иванов699@mail.ru,RU,Ekaterinburg,643,2025-07-07
32213,Richard Лебедев,richard.лебедев696@gmail.com,GB,Liverpool,478,2025-07-18
32345,Сергей Волков,сергей.волков43@gmail.com,RU,Kazan,363,2026-04-11
32524,Emily Fischer,emily.fischer675@yandex.ru,RU,Ekaterinburg,905,2026-02-04
32796,Michael Rodriguez,michael.rodriguez864@gmx.de,DE,Cologne,763,2026-03-25
33127,Klaus Müller,klaus.müller317@outlook.com,US,New York,789,2026-04-06
34197,Thomas Schafer,thomas.schafer378@yahoo.com,US,Chicago,376,2026-03-23
34334,Wolfgang Сидоров,wolfgang.сидоров80@gmail.com,US,Chicago,977,2026-01-24
34342,John Miller,john.miller391@gmail.com,US,New York,138,2025-08-28
34535,АндрейДмитрий Иванов,андрейдмитрий.иванов682@yahoo.com,US,Chicago,837,2025-08-23
34603,Виктория Rodriguez,виктория.rodriguez302@free.fr,FR,Lyon,649,2025-07-28
34622,Maria Иванов,maria.иванов196@gmail.com,FR,Nice,306,2025-06-18
34827,Петр Бранкин,петр.бранкин772@yahoo.it,IT,Naples,448,2025-09-16
35184,АндрейДмитрий Hernandez,андрейдмитрий.hernandez172@libero.it,IT,Turin,783,2026-03-11
35224,Sarah Hernandez,sarah.hernandez367@outlook.com,US,New York,698,2025-08-04
35294,Tiffany Лобов,tiffany.лобов147@mail.ru,RU,SPB,891,2026-03-14
35369,Stefan Davis,stefan.davis569@libero.it,IT,Naples,194,2026-04-08
35456,Klaus Schmidt,klaus.schmidt614@yahoo.it,IT,Palermo,872,2026-02-21
35664,Anna Johnson,anna.johnson369@free.fr,FR,Paris,255,2026-04-01
35909,Bob Becker,bob.becker568@gmail.com,DE,Frankfurt,177,2026-03-24
36122,Michelle Лобов,michelle.лобов990@outlook.com,GB,London,168,2026-01-11
36192,Stefan Лебедев,stefan.лебедев497@gmail.com,GB,Glasgow,627,2025-10-15
36235,Татьяна Wagner,татьяна.wagner31@gmail.com,FR,Paris,626,2025-12-25
36267,Александр Williams,александр.williams401@gmail.com,RU,Kazan,973,2025-11-12
36550,Елена Сидоров,елена.сидоров585@yahoo.co.uk,GB,Birmingham,564,2025-12-06
37453,Amy Fischer,amy.fischer948@gmx.de,DE,Berlin,556,2025-10-13
37605,Hans Garcia,hans.garcia213@web.de,DE,Cologne,380,2025-12-28
37882,Sarah Brown,sarah.brown546@outlook.com,US,New York,546,2026-01-21
37885,Michael Fischer,michael.fischer170@free.fr,FR,Nice,542,2026-01-10
38142,Emily Попов,emily.попов637@yandex.ru,RU,Moscow,653,2025-05-17
38248,Jessica Иванов,jessica.иванов423@outlook.com,GB,Manchester,704,2025-12-06
38440,Елена Meyer,елена.meyer762@hotmail.es,ES,Barcelona,265,2026-02-15
38710,Ольга Чижиков,ольга.чижиков656@yahoo.it,IT,Rome,142,2026-03-26
38787,Никита Müller,никита.müller577@yahoo.co.uk,GB,Liverpool,172,2025-12-24
38812,James Wilson,james.wilson450@yahoo.it,IT,Milan,429,2025-05-30
39070,Marta Hernandez,marta.hernandez410@outlook.com,GB,Birmingham,700,2025-12-03
39121,James Кузнецов,james.кузнецов107@mail.ru,RU,Kazan,631,2025-06-18
39212,Виктория Лобов,виктория.лобов144@web.de,DE,Hamburg,923,2025-11-13
39412,David Martinez,david.martinez954@free.fr,FR,Nice,348,2025-07-19
40256,Susanne Koch,susanne.koch409@gmx.de,DE,Munich,990,2025-06-26
40353,John Schneider,john.schneider25@yahoo.co.uk,GB,Liverpool,119,2025-06-20
40495,Никита Johnson,никита.johnson297@yandex.ru,RU,Kazan,723,2026-01-06
40640,Michael Rodriguez,michael.rodriguez137@gmail.com,RU,Ekaterinburg,505,2025-10-12
40815,Klaus Meyer,klaus.meyer800@gmail.com,ES,Zaragoza,275,2025-08-17
41286,Ирина Лебедев,ирина.лебедев598@yahoo.com,US,Houston,197,2026-01-22
41352,Maria Wagner,maria.wagner589@libero.it,IT,Rome,613,2025-11-02
41450,Michelle Лобов,michelle.лобов327@yandex.ru,RU,Moscow,926,2025-12-17
41454,Мария Попов,мария.попов295@web.de,DE,Cologne,195,2025-04-26
41570,Michelle Бранкин,michelle.бранкин82@yandex.ru,RU,Ekaterinburg,488,2026-01-15
41624,Виктория Волков,виктория.волков357@gmail.com,DE,Cologne,297,2025-08-20
41736,Andreas Garcia,andreas.garcia253@outlook.com,US,Los Angeles,506,2025-05-11
41867,Никита Hernandez,никита.hernandez401@hotmail.es,ES,Zaragoza,688,2025-12-10
41939,Петр Schneider,петр.schneider769@mail.ru,RU,Novosibirsk,133,2025-10-15
42189,Richard Сидоров,richard.сидоров802@yahoo.it,IT,Palermo,149,2025-06-12
42387,Michelle Кузнецов,michelle.кузнецов185@libero.it,IT,Naples,604,2026-03-23
42388,James Schulz,james.schulz636@gmail.com,US,Houston,970,2025-05-30
42709,Александр Smith,александр.smith416@web.de,DE,Munich,618,2025-05-26
43240,Sabine Schafer,sabine.schafer422@gmail.com,GB,Manchester,997,2026-03-23
43336,Anna Smith,anna.smith25@gmail.com,IT,Milan,526,2025-05-30
43389,Thomas Кузнецов,thomas.кузнецов232@gmail.com,US,Phoenix,118,2025-10-04
43476,Михаил Schmidt,михаил.schmidt615@gmail.com,ES,Zaragoza,179,2026-02-28
43789,Robert Бранкин,robert.бранкин55@yahoo.es,ES,Barcelona,366,2025-09-18
43819,Bob Hoffmann,bob.hoffmann853@orange.fr,FR,Paris,575,2025-10-28
43939,David Schneider,david.schneider846@yahoo.es,ES,Seville,367,2025-09-15
44613,Emily Richter,emily.richter581@gmail.com,IT,Milan,121,2026-03-18
44651,Thomas Fischer,thomas.fischer723@gmail.com,US,Phoenix,298,2025-07-04
44735,Nicole Wagner,nicole.wagner976@mail.ru,RU,Moscow,159,2026-03-31
45081,Andreas Иванов,andreas.иванов445@outlook.com,US,Houston,802,2026-04-16
45260,АндрейДмитрий Иванов,андрейдмитрий.иванов962@hotmail.es,ES,Madrid,976,2026-01-12
45400,Wolfgang Martinez,wolfgang.martinez285@hotmail.es,ES,Valencia,332,2025-11-10
45444,Nicole Новиков,nicole.новиков536@hotmail.es,ES,Valencia,335,2026-02-08
45451,Jennifer Бранкин,jennifer.бранкин657@gmail.com,RU,Kazan,262,2025-08-02
45591,Nicole Попов,nicole.попов772@gmail.com,ES,Zaragoza,448,2025-06-17
45614,Michelle Smith,michelle.smith164@hotmail.es,ES,Madrid,881,2026-01-22
45795,Виктория Чижиков,виктория.чижиков509@yahoo.com,US,Chicago,382,2026-01-25
46065,Елена Павлов,елена.павлов747@yahoo.co.uk,GB,Glasgow,779,2026-04-03
46211,Emily Бранкин,emily.бранкин200@orange.fr,FR,Marseille,300,2026-03-21
46343,Сергей Волков,сергей.волков340@outlook.com,GB,Manchester,459,2025-11-13
46389,Lisa Richter,lisa.richter215@gmail.com,IT,Rome,260,2025-10-16
46498,Wolfgang Müller,wolfgang.müller804@gmail.com,GB,Liverpool,247,2025-06-15
46594,Сергей Schulz,сергей.schulz601@gmail.com,ES,Barcelona,708,2025-06-15
46595,Thomas Schmidt,thomas.schmidt355@orange.fr,FR,Paris,278,2025-09-03
47658,Stefan Johnson,stefan.johnson814@orange.fr,FR,Nice,117,2025-07-01
47729,Michelle Fischer,michelle.fischer405@orange.fr,FR,Toulouse,646,2026-01-12
48064,Emily Richter,emily.richter932@gmail.com,ES,Barcelona,644,2025-05-24
49261,Tiffany Wagner,tiffany.wagner374@gmail.com,US,Houston,172,2025-11-11
49413,Михаил Hernandez,михаил.hernandez856@gmx.de,DE,Berlin,381,2025-10-26
49554,Anna Лобов,anna.лобов480@gmail.com,FR,Marseille,482,2025-09-04
50310,Stefan Лобов,stefan.лобов214@hotmail.es,ES,Zaragoza,773,2025-06-29
50445,Анна Williams,анна.williams825@gmail.com,FR,Toulouse,958,2025-08-03
50587,Ирина Johnson,ирина.johnson260@yahoo.es,ES,Zaragoza,935,2025-12-19
50759,Tom Martinez,tom.martinez513@libero.it,IT,Milan,510,2026-01-29
50851,Richard Richter,richard.richter885@gmail.com,RU,SPB,729,2025-08-04
50864,Victor Brown,victor.brown220@free.fr,FR,Paris,800,2025-05-11
50903,James Schmidt,james.schmidt283@yandex.ru,RU,Kazan,562,2025-07-08
50974,Наталья Garcia,наталья.garcia734@gmail.com,US,Los Angeles,873,2025-08-21
51006,Hans Müller,hans.müller885@gmx.de,DE,Berlin,527,2025-09-16
51023,James Schmidt,james.schmidt769@gmail.com,IT,Rome,128,2025-06-01
51209,Andrea Сидоров,andrea.сидоров917@gmail.com,FR,Paris,183,2026-01-25
51565,Andreas Schmidt,andreas.schmidt781@yahoo.co.uk,GB,London,646,2025-11-08
51653,John Williams,john.williams839@free.fr,FR,Marseille,313,2026-04-19
51892,Jessica Lopez,jessica.lopez121@gmx.de,DE,Cologne,195,2025-09-09
52091,Klaus Иванов,klaus.иванов529@web.de,DE,Munich,803,2026-02-15
52561,Tom Smith,tom.smith277@yandex.ru,RU,Ekaterinburg,844,2026-01-25
53004,Мария Rodriguez,мария.rodriguez779@orange.fr,FR,Marseille,591,2025-10-17
53008,Петр Петров,петр.петров131@gmail.com,ES,Valencia,923,2025-08-10
53130,Sabine Martinez,sabine.martinez319@gmail.com,FR,Lyon,590,2026-03-31
53242,Jessica Павлов,jessica.павлов764@yahoo.co.uk,GB,Birmingham,975,2025-12-28
53252,Наталья Koch,наталья.koch598@hotmail.es,ES,Valencia,599,2025-10-27
53473,Петр Волков,петр.волков249@gmail.com,ES,Barcelona,983,2025-07-25
53844,Susanne Schulz,susanne.schulz817@web.de,DE,Hamburg,645,2026-01-22
53968,Наталья Новиков,наталья.новиков912@yahoo.com,US,New York,744,2025-11-05
53973,Ирина Schneider,ирина.schneider232@outlook.com,US,Chicago,307,2026-02-11
53978,Amy Schulz,amy.schulz956@gmail.com,RU,Kazan,972,2025-05-08
54142,Jessica Martinez,jessica.martinez21@gmail.com,DE,Cologne,644,2026-01-25
54296,Bob Koch,bob.koch212@yahoo.co.uk,GB,Manchester,826,2026-03-07
54508,Victor Jones,victor.jones788@gmail.com,IT,Rome,813,2025-10-09
54779,Thomas Martinez,thomas.martinez67@gmail.com,US,New York,521,2025-10-21
55288,Thomas Павлов,thomas.павлов512@gmail.com,US,Houston,128,2025-11-05
55455,Stefan Lopez,stefan.lopez326@yahoo.com,US,Phoenix,312,2025-06-03
55854,АндрейДмитрий Meyer,андрейдмитрий.meyer421@web.de,DE,Cologne,162,2026-04-10
55906,Richard Баринов,richard.баринов710@yahoo.it,IT,Turin,991,2025-05-18
56044,Wolfgang Becker,wolfgang.becker189@gmail.com,RU,Moscow,817,2025-06-23
56153,Thomas Garcia,thomas.garcia81@orange.fr,FR,Nice,636,2025-10-06
56409,Victor Кузнецов,victor.кузнецов983@libero.it,IT,Turin,969,2025-05-23
56497,Richard Wilson,richard.wilson248@hotmail.es,ES,Seville,498,2025-09-05
56584,David Schafer,david.schafer559@yandex.ru,RU,Moscow,163,2025-10-07
56813,Анна Rodriguez,анна.rodriguez654@hotmail.es,ES,Barcelona,950,2025-12-19
56988,Klaus Rodriguez,klaus.rodriguez117@gmail.com,IT,Palermo,920,2025-05-14
57139,Wolfgang Иванов,wolfgang.иванов510@yandex.ru,RU,Kazan,295,2025-07-18
57361,David Fischer,david.fischer70@mail.ru,RU,Moscow,734,2025-12-13
57756,Наталья Garcia,наталья.garcia132@yahoo.it,IT,Naples,173,2025-06-28
57794,Михаил Кузнецов,михаил.кузнецов178@yahoo.com,US,Los Angeles,333,2025-05-26
58033,Татьяна Иванов,татьяна.иванов939@gmail.com,GB,Manchester,692,2025-05-04
58189,Анна Becker,анна.becker244@gmail.com,FR,Nice,208,2025-08-09
58274,Wolfgang Rodriguez,wolfgang.rodriguez343@yahoo.es,ES,Barcelona,749,2025-10-16
58417,Amy Richter,amy.richter994@yandex.ru,RU,Ekaterinburg,535,2025-10-31
58599,Никита Bauer,никита.bauer593@yahoo.it,IT,Milan,427,2026-03-13
58963,Ольга Лобов,ольга.лобов911@gmail.com,IT,Palermo,943,2025-06-26
59839,Anna Miller,anna.miller735@gmail.com,IT,Naples,360,2026-01-05
60196,Виктория Garcia,виктория.garcia382@yahoo.it,IT,Turin,286,2025-11-28
60333,Михаил Бранкин,михаил.бранкин799@outlook.com,US,New York,379,2026-02-28
60549,Ирина Лебедев,ирина.лебедев845@gmail.com,US,Chicago,860,2025-10-22
61040,Tom Попов,tom.попов148@gmail.com,ES,Madrid,579,2025-09-23
61298,Marta Martinez,marta.martinez469@gmail.com,RU,Kazan,563,2025-08-13
61320,Wolfgang Кузнецов,wolfgang.кузнецов653@outlook.com,GB,Liverpool,541,2026-04-10
61539,Andreas Новиков,andreas.новиков187@free.fr,FR,Paris,584,2025-07-15
61604,Ирина Schneider,ирина.schneider208@yandex.ru,RU,SPB,727,2025-12-24
61655,Marta Новиков,marta.новиков949@gmail.com,RU,Kazan,817,2025-11-04
61769,Sarah Павлов,sarah.павлов861@gmail.com,US,Houston,787,2025-10-10
62083,John Becker,john.becker386@libero.it,IT,Naples,289,2025-11-26
62761,Anna Wagner,anna.wagner19@yahoo.it,IT,Rome,385,2026-02-21
63094,Мария Лобов,мария.лобов782@yahoo.com,US,Phoenix,932,2025-07-29
63387,Michelle Williams,michelle.williams476@gmail.com,US,Chicago,510,2025-10-08
63617,АндрейДмитрий Новиков,андрейдмитрий.новиков610@outlook.com,US,New York,601,2025-05-04
63931,Marta Brown,marta.brown188@mail.ru,RU,SPB,632,2025-11-24
64124,Emily Schafer,emily.schafer142@yahoo.it,IT,Rome,810,2026-02-23
64477,Susanne Davis,susanne.davis568@gmail.com,IT,Palermo,949,2026-02-05
64484,Richard Павлов,richard.павлов667@gmx.de,DE,Hamburg,739,2025-05-14
64661,Никита Johnson,никита.johnson288@free.fr,FR,Marseille,806,2026-04-20
64662,Robert Hernandez,robert.hernandez980@free.fr,FR,Marseille,789,2026-04-16
64671,Надежда Павлов,надежда.павлов87@yahoo.co.uk,GB,Manchester,696,2025-08-05
64747,Tiffany Rodriguez,tiffany.rodriguez429@gmail.com,US,Los Angeles,540,2025-07-16
65067,Michelle Schafer,michelle.schafer478@gmx.de,DE,Cologne,150,2026-03-31
65109,Сергей Волков,сергей.волков489@outlook.com,GB,Manchester,545,2025-06-01
65404,David Волков,david.волков422@hotmail.es,ES,Zaragoza,613,2026-01-10
65590,Michelle Meyer,michelle.meyer669@gmail.com,RU,SPB,763,2025-12-14
65866,Sarah Meyer,sarah.meyer969@gmail.com,FR,Lyon,645,2025-12-24
66589,Klaus Meyer,klaus.meyer402@hotmail.es,ES,Zaragoza,791,2026-02-23
66624,Thomas Баринов,thomas.баринов593@gmail.com,DE,Munich,440,2025-12-20
66632,Victor Lopez,victor.lopez434@gmail.com,RU,Moscow,401,2025-05-20
66739,Anna Новиков,anna.новиков162@gmail.com,DE,Cologne,272,2026-04-08
67170,Jessica Brown,jessica.brown301@web.de,DE,Berlin,281,2025-12-30
67247,Наталья Schneider,наталья.schneider860@gmail.com,FR,Toulouse,401,2025-05-03
67535,Andrea Martinez,andrea.martinez594@yahoo.com,US,Chicago,495,2026-01-10
67572,Susanne Wilson,susanne.wilson395@yahoo.it,IT,Milan,187,2026-03-02
67722,Мария Garcia,мария.garcia85@libero.it,IT,Milan,725,2025-06-12
67844,Татьяна Jones,татьяна.jones303@gmail.com,FR,Toulouse,473,2025-12-22
68182,АндрейДмитрий Лобов,андрейдмитрий.лобов726@yandex.ru,RU,Moscow,851,2025-06-16
68329,Hans Hoffmann,hans.hoffmann319@outlook.com,GB,Manchester,310,2025-08-21
68440,Иван Бранкин,иван.бранкин803@hotmail.es,ES,Valencia,307,2025-11-11
68443,Иван Schulz,иван.schulz375@gmail.com,GB,Glasgow,213,2025-11-30
68703,АндрейДмитрий Hoffmann,андрейдмитрий.hoffmann94@outlook.com,US,Phoenix,410,2025-11-03
69206,Tiffany Новиков,tiffany.новиков439@gmail.com,GB,London,913,2025-08-06
69231,Robert Schneider,robert.schneider571@libero.it,IT,Turin,448,2025-07-23
69372,Петр Петров,петр.петров445@yandex.ru,RU,Novosibirsk,110,2025-08-25
69459,Richard Weber,richard.weber115@outlook.com,US,Phoenix,473,2026-02-12
69611,Victor Müller,victor.müller734@yandex.ru,RU,Kazan,680,2025-09-14
69843,Bob Лебедев,bob.лебедев376@yandex.ru,RU,Kazan,870,2025-07-20
69863,Сергей Jones,сергей.jones583@yandex.ru,RU,Kazan,154,2025-04-26
69924,Michael Сидоров,michael.сидоров571@gmail.com,IT,Rome,467,2025-08-17
70057,Maria Williams,maria.williams439@gmail.com,RU,Kazan,781,2025-08-09
70277,Nicole Smith,nicole.smith231@gmx.de,DE,Munich,597,2026-01-19
70405,Thomas Лебедев,thomas.лебедев579@outlook.com,GB,Manchester,301,2026-01-17
70407,Marta Павлов,marta.павлов232@gmail.com,US,Chicago,102,2026-02-03
71249,Tiffany Лебедев,tiffany.лебедев248@libero.it,IT,Palermo,806,2025-06-02
71309,Wolfgang Koch,wolfgang.koch417@gmail.com,ES,Seville,677,2026-04-22
71582,Елена Лобов,елена.лобов657@web.de,DE,Cologne,296,2025-06-03
71789,Федор Hoffmann,федор.hoffmann337@gmail.com,FR,Lyon,265,2025-08-29
71821,Ольга Martinez,ольга.martinez667@gmail.com,US,Phoenix,369,2026-04-19
71857,Tiffany Schmidt,tiffany.schmidt323@yahoo.com,US,Houston,712,2025-08-24
71939,Amy Miller,amy.miller432@yahoo.co.uk,GB,London,378,2025-07-04
72128,Татьяна Волков,татьяна.волков577@libero.it,IT,Rome,324,2026-02-05
72416,Klaus Лебедев,klaus.лебедев354@web.de,DE,Hamburg,476,2025-04-26
72523,Klaus Бранкин,klaus.бранкин538@gmail.com,FR,Paris,228,2025-11-24
72530,David Williams,david.williams279@yahoo.co.uk,GB,Liverpool,997,2025-07-27
72786,Jessica Bauer,jessica.bauer395@outlook.com,GB,Liverpool,857,2026-03-02
73138,Susanne Miller,susanne.miller629@outlook.com,US,Phoenix,661,2025-09-14
73161,Елена Müller,елена.müller991@orange.fr,FR,Nice,783,2025-04-30
73317,Robert Lopez,robert.lopez153@gmail.com,RU,Ekaterinburg,591,2025-04-24
73561,АндрейДмитрий Wilson,андрейдмитрий.wilson441@gmail.com,FR,Nice,633,2025-09-24
73843,Надежда Weber,надежда.weber691@hotmail.es,ES,Zaragoza,878,2025-11-21
74041,Susanne Müller,susanne.müller330@outlook.com,GB,Liverpool,311,2025-12-22
74067,Tiffany Павлов,tiffany.павлов738@yahoo.es,ES,Zaragoza,864,2025-04-30
74183,Никита Сидоров,никита.сидоров527@gmail.com,DE,Munich,608,2025-10-26
74355,Надежда Smith,надежда.smith522@gmail.com,RU,Ekaterinburg,876,2026-03-10
74469,Hans Weber,hans.weber753@yahoo.co.uk,GB,Liverpool,582,2025-09-27
74713,Tiffany Петров,tiffany.петров367@gmail.com,FR,Lyon,669,2025-08-18
74865,Ольга Сидоров,ольга.сидоров920@yahoo.com,US,Los Angeles,138,2025-09-12
74909,Michael Lopez,michael.lopez244@outlook.com,GB,Liverpool,555,2025-08-25
74967,Надежда Jones,надежда.jones354@free.fr,FR,Paris,231,2026-04-14
75456,Wolfgang Garcia,wolfgang.garcia900@outlook.com,GB,Glasgow,664,2025-09-15
75663,Wolfgang Баринов,wolfgang.баринов74@free.fr,FR,Nice,383,2025-11-07
75668,Михаил Koch,михаил.koch469@outlook.com,GB,Manchester,751,2025-10-01
75750,Susanne Новиков,susanne.новиков331@gmx.de,DE,Munich,302,2025-07-20
75901,Виктория Meyer,виктория.meyer639@yahoo.es,ES,Zaragoza,295,2026-01-25
76056,Федор Schafer,федор.schafer862@yahoo.co.uk,GB,Manchester,407,2025-12-17
76393,Tiffany Weber,tiffany.weber820@gmail.com,IT,Palermo,184,2025-05-11
76437,Wolfgang Лобов,wolfgang.лобов944@gmail.com,DE,Munich,788,2026-03-28
76458,Александр Williams,александр.williams231@gmail.com,DE,Frankfurt,800,2025-06-23
76476,Tiffany Smith,tiffany.smith398@gmail.com,IT,Palermo,882,2026-02-11
76492,Michelle Чижиков,michelle.чижиков219@orange.fr,FR,Toulouse,163,2025-06-29
76562,Сергей Becker,сергей.becker918@mail.ru,RU,SPB,715,2025-06-19
76830,Hans Волков,hans.волков191@gmx.de,DE,Cologne,353,2025-08-23
76833,Klaus Schafer,klaus.schafer71@outlook.com,US,Phoenix,819,2026-04-21
77315,Татьяна Попов,татьяна.попов966@outlook.com,GB,Manchester,374,2026-04-18
77408,Victor Garcia,victor.garcia811@mail.ru,RU,Novosibirsk,796,2026-04-21
77525,Jennifer Bauer,jennifer.bauer489@yahoo.it,IT,Milan,521,2025-12-02
77556,Hans Fischer,hans.fischer756@gmx.de,DE,Munich,869,2025-07-07
77932,Наталья Schmidt,наталья.schmidt812@gmail.com,ES,Madrid,394,2025-12-19
78087,John Miller,john.miller159@gmail.com,ES,Zaragoza,252,2026-02-22
78460,Susanne Williams,susanne.williams770@outlook.com,GB,Birmingham,578,2025-07-02
78590,Иван Hoffmann,иван.hoffmann330@orange.fr,FR,Marseille,435,2025-05-25
78644,Петр Сидоров,петр.сидоров482@outlook.com,US,New York,745,2025-11-02
78920,Федор Сидоров,федор.сидоров249@gmail.com,DE,Hamburg,915,2026-03-20
78973,Nicole Johnson,nicole.johnson636@outlook.com,GB,Birmingham,128,2026-04-10
79103,Михаил Martinez,михаил.martinez954@gmail.com,GB,Liverpool,117,2025-10-07
79228,Елена Петров,елена.петров801@hotmail.es,ES,Valencia,626,2025-12-14
79294,Иван Fischer,иван.fischer10@gmail.com,GB,London,172,2026-03-09
79401,Marta Schulz,marta.schulz229@hotmail.es,ES,Barcelona,577,2025-05-22
79688,Надежда Bauer,надежда.bauer313@gmail.com,IT,Naples,281,2025-05-25
79823,Ольга Martinez,ольга.martinez490@yahoo.it,IT,Rome,844,2026-04-15
80272,Michael Smith,michael.smith746@gmail.com,US,Los Angeles,224,2025-12-16
80581,Michael Wilson,michael.wilson604@mail.ru,RU,Kazan,462,2025-12-24
81018,Sarah Schafer,sarah.schafer443@yandex.ru,RU,SPB,482,2025-05-22
81367,Петр Richter,петр.richter547@gmail.com,IT,Naples,329,2026-03-27
81576,Никита Петров,никита.петров831@gmail.com,RU,SPB,283,2025-10-09
81669,Bob Jones,bob.jones551@gmail.com,FR,Marseille,166,2025-06-04
81694,Lisa Brown,lisa.brown617@gmail.com,RU,Novosibirsk,606,2026-01-30
82186,Wolfgang Lopez,wolfgang.lopez727@outlook.com,US,Houston,745,2025-09-23
82568,Marta Schulz,marta.schulz179@gmail.com,ES,Barcelona,720,2026-01-16
82869,Татьяна Davis,татьяна.davis688@free.fr,FR,Paris,611,2025-12-31
82954,Bob Weber,bob.weber615@yahoo.it,IT,Turin,833,2025-12-28
83385,Amy Brown,amy.brown13@gmail.com,FR,Nice,961,2025-12-24
83445,Richard Баринов,richard.баринов369@mail.ru,RU,SPB,740,2025-06-23
83527,Никита Smith,никита.smith768@mail.ru,RU,Ekaterinburg,844,2025-06-23
83778,Иван Wagner,иван.wagner175@yahoo.it,IT,Turin,766,2025-09-18
84076,Richard Лобов,richard.лобов213@gmail.com,FR,Paris,904,2025-10-26
84609,Tiffany Becker,tiffany.becker812@web.de,DE,Hamburg,714,2025-07-06
84821,Александр Сидоров,александр.сидоров630@hotmail.es,ES,Seville,279,2025-09-22
84840,Michael Бранкин,michael.бранкин174@gmail.com,FR,Paris,689,2025-07-31
84952,Tom Лебедев,tom.лебедев1@gmail.com,ES,Zaragoza,960,2025-06-10
85032,Anna Schafer,anna.schafer174@gmail.com,FR,Marseille,544,2025-10-14
85067,Richard Сидоров,richard.сидоров297@gmail.com,DE,Berlin,271,2025-11-12
85085,Анна Garcia,анна.garcia60@yandex.ru,RU,Ekaterinburg,963,2025-07-18
85371,David Meyer,david.meyer442@gmail.com,RU,SPB,973,2025-12-02
85518,Никита Волков,никита.волков933@gmail.com,IT,Turin,448,2026-02-14
86495,Wolfgang Лобов,wolfgang.лобов983@gmail.com,ES,Seville,893,2025-05-11
86605,Amy Richter,amy.richter183@gmail.com,DE,Berlin,409,2025-11-27
87434,Анна Иванов,анна.иванов210@outlook.com,US,Chicago,405,2025-07-14
87756,David Rodriguez,david.rodriguez733@hotmail.es,ES,Zaragoza,753,2026-03-01
87781,Michelle Becker,michelle.becker966@web.de,DE,Frankfurt,826,2025-09-01
87817,Susanne Иванов,susanne.иванов882@gmail.com,RU,Kazan,145,2025-08-04
88024,Иван Wagner,иван.wagner546@free.fr,FR,Marseille,448,2025-06-20
88046,Виктория Brown,виктория.brown169@yahoo.es,ES,Barcelona,413,2026-03-04
88048,Amy Rodriguez,amy.rodriguez117@gmail.com,DE,Berlin,104,2025-05-28
88218,Lisa Schmidt,lisa.schmidt402@free.fr,FR,Toulouse,133,2025-05-15
88320,Bob Martinez,bob.martinez973@gmail.com,ES,Barcelona,694,2025-06-26
88506,Michelle Schafer,michelle.schafer828@libero.it,IT,Turin,972,2026-03-27
88842,Robert Сидоров,robert.сидоров937@yandex.ru,RU,Ekaterinburg,174,2025-07-16
89029,Amy Wagner,amy.wagner530@gmail.com,US,Phoenix,871,2025-07-06
89030,Richard Koch,richard.koch856@libero.it,IT,Milan,548,2025-08-10
89087,Amy Петров,amy.петров848@gmx.de,DE,Hamburg,691,2026-03-11
89129,Wolfgang Лебедев,wolfgang.лебедев402@gmail.com,FR,Marseille,886,2025-11-10
89211,Richard Fischer,richard.fischer68@gmail.com,ES,Zaragoza,715,2025-11-17
89417,James Сидоров,james.сидоров203@yahoo.com,US,Houston,277,2025-06-20
89566,Ирина Garcia,ирина.garcia818@yahoo.co.uk,GB,Glasgow,844,2025-12-04
89910,Александр Bauer,александр.bauer699@libero.it,IT,Rome,920,2025-08-09
90222,Thomas Бранкин,thomas.бранкин858@hotmail.es,ES,Valencia,725,2026-01-02
90355,Robert Новиков,robert.новиков409@orange.fr,FR,Marseille,651,2026-02-17
90633,Lisa Бранкин,lisa.бранкин787@gmail.com,US,Phoenix,850,2025-10-07
90729,James Волков,james.волков405@gmail.com,GB,Birmingham,557,2025-08-19
90857,Александр Лебедев,александр.лебедев587@gmail.com,FR,Paris,283,2026-01-28
90939,John Bauer,john.bauer74@libero.it,IT,Rome,315,2025-08-14
91045,Михаил Сидоров,михаил.сидоров717@gmail.com,ES,Seville,781,2026-01-20
91065,Victor Hernandez,victor.hernandez137@yahoo.es,ES,Zaragoza,480,2025-07-09
91125,Михаил Hernandez,михаил.hernandez226@outlook.com,US,Phoenix,922,2025-08-23
91459,Bob Bauer,bob.bauer538@libero.it,IT,Turin,323,2025-10-30
91475,Ирина Schmidt,ирина.schmidt490@yahoo.co.uk,GB,Liverpool,122,2025-11-02
91643,Michelle Martinez,michelle.martinez108@gmx.de,DE,Munich,301,2025-11-26
91816,Andreas Bauer,andreas.bauer288@yahoo.it,IT,Turin,679,2025-05-30
92021,Мария Лобов,мария.лобов255@gmail.com,GB,London,553,2025-09-21
92055,Lisa Lopez,lisa.lopez854@yahoo.es,ES,Zaragoza,559,2025-10-26
92346,Татьяна Волков,татьяна.волков808@outlook.com,GB,Manchester,654,2025-10-05
92427,Наталья Johnson,наталья.johnson817@orange.fr,FR,Marseille,983,2025-10-03
92523,Michelle Новиков,michelle.новиков564@yahoo.co.uk,GB,Manchester,699,2026-03-05
92726,Robert Jones,robert.jones829@gmail.com,ES,Valencia,808,2025-09-23
92746,Мария Johnson,мария.johnson631@web.de,DE,Cologne,398,2026-01-01
92922,Robert Новиков,robert.новиков638@hotmail.es,ES,Zaragoza,560,2026-02-03
93052,Мария Fischer,мария.fischer912@free.fr,FR,Lyon,450,2025-12-19
93057,Никита Fischer,никита.fischer879@gmail.com,DE,Berlin,960,2025-12-31
93067,Stefan Richter,stefan.richter909@libero.it,IT,Milan,865,2025-08-25
93231,Ирина Williams,ирина.williams380@libero.it,IT,Milan,315,2025-10-11
93349,Stefan Павлов,stefan.павлов177@outlook.com,GB,Glasgow,169,2025-10-01
93435,Александр Лебедев,александр.лебедев390@yahoo.co.uk,GB,Manchester,457,2025-05-15
93453,Надежда Попов,надежда.попов484@mail.ru,RU,SPB,747,2025-09-22
93774,Emily Чижиков,emily.чижиков790@gmail.com,ES,Madrid,126,2025-11-02
93809,Nicole Hoffmann,nicole.hoffmann505@gmail.com,GB,Birmingham,719,2026-01-16
94299,Michelle Иванов,michelle.иванов765@yahoo.it,IT,Milan,159,2025-09-02
94492,Michael Чижиков,michael.чижиков953@yahoo.co.uk,GB,Manchester,393,2025-09-15
94658,Andrea Schafer,andrea.schafer197@yahoo.it,IT,Palermo,600,2025-04-27
94674,Victor Schneider,victor.schneider134@gmail.com,US,Chicago,443,2025-06-17
94796,Maria Баринов,maria.баринов792@free.fr,FR,Nice,936,2025-09-20
94901,Наталья Smith,наталья.smith219@hotmail.es,ES,Madrid,182,2025-12-25
94934,Анна Hernandez,анна.hernandez269@yandex.ru,RU,Novosibirsk,557,2025-07-04
94944,Jennifer Garcia,jennifer.garcia372@yahoo.co.uk,GB,London,151,2025-05-29
95240,Michael Rodriguez,michael.rodriguez179@mail.ru,RU,Kazan,550,2025-08-15
95248,Виктория Schmidt,виктория.schmidt201@web.de,DE,Cologne,270,2025-08-10
95886,Петр Wagner,петр.wagner19@orange.fr,FR,Lyon,696,2025-06-13
96080,Виктория Koch,виктория.koch59@hotmail.es,ES,Barcelona,301,2026-02-05
96101,Lisa Jones,lisa.jones964@hotmail.es,ES,Barcelona,665,2025-07-05
96121,Michael Williams,michael.williams961@outlook.com,GB,London,461,2025-05-27
96248,Александр Кузнецов,александр.кузнецов822@web.de,DE,Frankfurt,945,2026-04-18
96469,Сергей Wagner,сергей.wagner235@gmail.com,DE,Munich,341,2025-05-31
96485,Michelle Smith,michelle.smith813@web.de,DE,Munich,398,2025-10-26
96532,Michael Волков,michael.волков559@yahoo.com,US,Chicago,884,2025-06-10
96600,Татьяна Кузнецов,татьяна.кузнецов729@web.de,DE,Hamburg,313,2026-02-11
96702,Ирина Волков,ирина.волков766@yahoo.es,ES,Valencia,874,2026-03-21
96872,Анна Павлов,анна.павлов827@gmail.com,RU,Ekaterinburg,282,2025-05-03
97214,Tom Jones,tom.jones158@gmail.com,RU,Ekaterinburg,212,2026-04-13
97265,Andreas Schmidt,andreas.schmidt741@libero.it,IT,Turin,441,2025-11-15
97878,Andrea Петров,andrea.петров272@yahoo.it,IT,Turin,329,2025-09-12
98012,Ирина Schafer,ирина.schafer206@yandex.ru,RU,Moscow,471,2025-08-20
98131,АндрейДмитрий Rodriguez,андрейдмитрий.rodriguez400@gmail.com,FR,Toulouse,181,2026-01-12
98321,Thomas Попов,thomas.попов701@libero.it,IT,Naples,461,2025-08-09
98325,William Lopez,william.lopez993@web.de,DE,Munich,228,2025-11-18
98437,John Miller,john.miller679@web.de,DE,Munich,453,2025-08-14
98509,Klaus Чижиков,klaus.чижиков773@free.fr,FR,Paris,120,2026-01-10
98826,Надежда Новиков,надежда.новиков869@hotmail.es,ES,Barcelona,107,2025-05-04
98839,Елена Davis,елена.davis509@yahoo.it,IT,Palermo,361,2026-01-02
98971,William Johnson,william.johnson282@gmail.com,ES,Valencia,609,2026-01-30
99002,Hans Koch,hans.koch111@libero.it,IT,Rome,576,2025-09-14
99089,Ольга Schneider,ольга.schneider218@gmail.com,FR,Toulouse,345,2025-12-24
99107,Sarah Новиков,sarah.новиков710@gmail.com,FR,Lyon,666,2026-03-08
99299,Иван Koch,иван.koch164@yahoo.co.uk,GB,Manchester,763,2025-07-23
99654,Wolfgang Волков,wolfgang.волков573@gmail.com,DE,Munich,423,2025-11-04
99703,Michelle Fischer,michelle.fischer926@gmail.com,US,Phoenix,506,2025-12-24
99851,Michelle Hoffmann,michelle.hoffmann874@yahoo.es,ES,Seville,774,2026-03-10
99944,Lisa Johnson,lisa.johnson107@gmail.com,ES,Valencia,629,2025-06-20
